date,source,medium,campaign,revenue,conversions,spend
2025-01-01,google,cpc,google_brand,1102.13,22,182.63
2025-01-02,google,cpc,google_brand,1337.98,26,165.17
2025-01-03,google,cpc,google_brand,1405.43,28,228.0
2025-01-04,google,cpc,google_brand,1067.76,21,153.66
2025-01-05,google,cpc,google_brand,987.27,19,131.75
2025-01-06,google,cpc,google_brand,818.35,16,119.51
2025-01-07,google,cpc,google_brand,720.36,14,119.49
2025-01-08,google,cpc,google_brand,879.67,17,163.21
2025-01-09,google,cpc,google_brand,1299.13,25,223.02
2025-01-10,google,cpc,google_brand,1237.57,24,227.75
2025-01-11,google,cpc,google_brand,1307.68,26,214.5
2025-01-12,google,cpc,google_brand,828.54,16,154.4
2025-01-13,google,cpc,google_brand,631.51,12,111.5
2025-01-14,google,cpc,google_brand,800.38,16,105.35
2025-01-15,google,cpc,google_brand,1174.58,23,175.36
2025-01-16,google,cpc,google_brand,1150.96,23,183.44
2025-01-17,google,cpc,google_brand,1146.14,22,203.92
2025-01-18,google,cpc,google_brand,1076.19,21,153.79
2025-01-19,google,cpc,google_brand,905.32,18,123.75
2025-01-20,google,cpc,google_brand,801.96,16,110.16
2025-01-21,google,cpc,google_brand,760.99,15,132.05
2025-01-22,google,cpc,google_brand,1133.05,22,180.95
2025-01-23,google,cpc,google_brand,1127.83,22,188.31
2025-01-24,google,cpc,google_brand,1147.34,22,221.5
2025-01-25,google,cpc,google_brand,930.55,18,158.84
2025-01-26,google,cpc,google_brand,957.98,19,154.87
2025-01-27,google,cpc,google_brand,814.26,16,122.28
2025-01-28,google,cpc,google_brand,802.12,16,120.25
2025-01-29,google,cpc,google_brand,857.86,17,136.71
2025-01-30,google,cpc,google_brand,1223.22,24,210.46
2025-01-31,google,cpc,google_brand,1375.44,27,211.82
2025-02-01,google,cpc,google_brand,1155.9,23,190.24
2025-02-02,google,cpc,google_brand,840.14,16,142.22
2025-02-03,google,cpc,google_brand,680.87,13,91.8
2025-02-04,google,cpc,google_brand,743.25,14,108.3
2025-02-05,google,cpc,google_brand,957.04,19,182.3
2025-02-06,google,cpc,google_brand,1090.12,21,162.34
2025-02-07,google,cpc,google_brand,1304.73,26,189.39
2025-02-08,google,cpc,google_brand,1226.04,24,184.63
2025-02-09,google,cpc,google_brand,876.75,17,148.06
2025-02-10,google,cpc,google_brand,683.7,13,127.2
2025-02-11,google,cpc,google_brand,654.66,13,98.92
2025-02-12,google,cpc,google_brand,1016.27,20,173.93
2025-02-13,google,cpc,google_brand,1179.15,23,170.47
2025-02-14,google,cpc,google_brand,1300.16,26,177.72
2025-02-15,google,cpc,google_brand,1078.5,21,176.62
2025-02-16,google,cpc,google_brand,902.58,18,127.9
2025-02-17,google,cpc,google_brand,633.44,12,106.76
2025-02-18,google,cpc,google_brand,860.03,17,103.58
2025-02-19,google,cpc,google_brand,1107.62,22,185.82
2025-02-20,google,cpc,google_brand,1358.38,27,178.72
2025-02-21,google,cpc,google_brand,1380.45,27,229.45
2025-02-22,google,cpc,google_brand,1042.31,20,176.85
2025-02-23,google,cpc,google_brand,951.05,19,116.5
2025-02-24,google,cpc,google_brand,665.49,13,111.01
2025-02-25,google,cpc,google_brand,790.81,15,112.77
2025-02-26,google,cpc,google_brand,1078.15,21,139.07
2025-02-27,google,cpc,google_brand,1324.8,26,217.57
2025-02-28,google,cpc,google_brand,1307.9,26,200.83
2025-03-01,google,cpc,google_brand,1183.46,23,186.58
2025-03-02,google,cpc,google_brand,825.97,16,115.84
2025-03-03,google,cpc,google_brand,693.76,13,92.29
2025-03-04,google,cpc,google_brand,691.98,13,113.94
2025-03-05,google,cpc,google_brand,991.54,19,134.38
2025-03-06,google,cpc,google_brand,1330.34,26,171.2
2025-03-07,google,cpc,google_brand,1217.21,24,213.13
2025-03-08,google,cpc,google_brand,971.0,19,187.07
2025-03-09,google,cpc,google_brand,922.53,18,164.41
2025-03-10,google,cpc,google_brand,662.36,13,125.79
2025-03-11,google,cpc,google_brand,786.11,15,121.61
2025-03-12,google,cpc,google_brand,1070.16,21,187.69
2025-03-13,google,cpc,google_brand,1128.76,22,195.09
2025-03-14,google,cpc,google_brand,1256.34,25,192.53
2025-03-15,google,cpc,google_brand,957.26,19,176.1
2025-03-16,google,cpc,google_brand,1025.12,20,157.06
2025-03-17,google,cpc,google_brand,715.17,14,96.74
2025-03-18,google,cpc,google_brand,793.48,15,103.12
2025-03-19,google,cpc,google_brand,1031.94,20,145.74
2025-03-20,google,cpc,google_brand,1339.75,26,215.09
2025-03-21,google,cpc,google_brand,1375.09,27,174.04
2025-03-22,google,cpc,google_brand,943.28,18,161.03
2025-03-23,google,cpc,google_brand,857.7,17,141.98
2025-03-24,google,cpc,google_brand,831.17,16,127.91
2025-03-25,google,cpc,google_brand,878.53,17,113.32
2025-03-26,google,cpc,google_brand,990.29,19,146.36
2025-03-27,google,cpc,google_brand,1345.28,26,177.93
2025-03-28,google,cpc,google_brand,1061.47,21,178.74
2025-03-29,google,cpc,google_brand,1282.3,25,175.82
2025-03-30,google,cpc,google_brand,990.57,19,160.7
2025-03-31,google,cpc,google_brand,855.9,17,130.67
2025-04-01,google,cpc,google_brand,747.39,14,123.18
2025-04-02,google,cpc,google_brand,1082.71,21,177.1
2025-04-03,google,cpc,google_brand,1056.46,21,187.22
2025-04-04,google,cpc,google_brand,1200.77,24,226.81
2025-04-05,google,cpc,google_brand,1075.95,21,212.05
2025-04-06,google,cpc,google_brand,935.75,18,117.97
2025-04-07,google,cpc,google_brand,637.08,12,97.33
2025-04-08,google,cpc,google_brand,887.59,17,127.12
2025-04-09,google,cpc,google_brand,920.48,18,140.33
2025-04-10,google,cpc,google_brand,1421.04,28,219.06
2025-04-11,google,cpc,google_brand,1131.87,22,206.5
2025-04-12,google,cpc,google_brand,983.94,19,145.41
2025-04-13,google,cpc,google_brand,897.51,17,118.47
2025-04-14,google,cpc,google_brand,703.48,14,95.91
2025-04-15,google,cpc,google_brand,825.49,16,131.76
2025-04-16,google,cpc,google_brand,1065.45,21,140.54
2025-04-17,google,cpc,google_brand,1327.47,26,214.17
2025-04-18,google,cpc,google_brand,1087.01,21,175.97
2025-04-19,google,cpc,google_brand,1129.93,22,211.38
2025-04-20,google,cpc,google_brand,865.6,17,127.87
2025-04-21,google,cpc,google_brand,849.82,16,120.37
2025-04-22,google,cpc,google_brand,868.93,17,111.81
2025-04-23,google,cpc,google_brand,973.48,19,129.36
2025-04-24,google,cpc,google_brand,1084.93,21,207.75
2025-04-25,google,cpc,google_brand,1196.66,23,176.74
2025-04-26,google,cpc,google_brand,1203.0,24,214.17
2025-04-27,google,cpc,google_brand,1009.8,20,162.99
2025-04-28,google,cpc,google_brand,794.21,15,111.53
2025-04-29,google,cpc,google_brand,658.53,13,98.68
2025-04-30,google,cpc,google_brand,1130.3,22,180.77
2025-05-01,google,cpc,google_brand,1197.96,23,176.09
2025-05-02,google,cpc,google_brand,1419.48,28,215.19
2025-05-03,google,cpc,google_brand,1104.71,22,187.95
2025-05-04,google,cpc,google_brand,856.07,17,131.94
2025-05-05,google,cpc,google_brand,829.08,16,119.87
2025-05-06,google,cpc,google_brand,726.05,14,120.0
2025-05-07,google,cpc,google_brand,1052.57,21,142.9
2025-05-08,google,cpc,google_brand,1100.82,22,222.15
2025-05-09,google,cpc,google_brand,1252.03,25,170.64
2025-05-10,google,cpc,google_brand,1191.7,23,154.96
2025-05-11,google,cpc,google_brand,776.58,15,128.39
2025-05-12,google,cpc,google_brand,690.81,13,132.03
2025-05-13,google,cpc,google_brand,690.48,13,111.73
2025-05-14,google,cpc,google_brand,828.46,16,135.15
2025-05-15,google,cpc,google_brand,1052.45,21,162.11
2025-05-16,google,cpc,google_brand,1249.17,24,169.56
2025-05-17,google,cpc,google_brand,1105.72,22,193.56
2025-05-18,google,cpc,google_brand,871.39,17,128.82
2025-05-19,google,cpc,google_brand,844.84,16,129.96
2025-05-20,google,cpc,google_brand,676.9,13,99.93
2025-05-21,google,cpc,google_brand,906.54,18,142.9
2025-05-22,google,cpc,google_brand,1193.17,23,202.8
2025-05-23,google,cpc,google_brand,1169.34,23,169.21
2025-05-24,google,cpc,google_brand,991.82,19,182.22
2025-05-25,google,cpc,google_brand,793.61,15,157.46
2025-05-26,google,cpc,google_brand,675.77,13,132.21
2025-05-27,google,cpc,google_brand,916.93,18,139.06
2025-05-28,google,cpc,google_brand,1146.56,22,190.36
2025-05-29,google,cpc,google_brand,1298.26,25,219.22
2025-05-30,google,cpc,google_brand,1154.04,23,229.47
2025-05-31,google,cpc,google_brand,1132.5,22,183.11
2025-06-01,google,cpc,google_brand,908.66,18,158.8
2025-06-02,google,cpc,google_brand,755.17,15,107.81
2025-06-03,google,cpc,google_brand,685.81,13,110.84
2025-06-04,google,cpc,google_brand,979.58,19,158.31
2025-06-05,google,cpc,google_brand,1139.82,22,176.09
2025-06-06,google,cpc,google_brand,1187.69,23,195.4
2025-06-07,google,cpc,google_brand,1173.34,23,171.81
2025-06-08,google,cpc,google_brand,985.09,19,127.64
2025-06-09,google,cpc,google_brand,763.11,15,131.82
2025-06-10,google,cpc,google_brand,782.68,15,113.86
2025-06-11,google,cpc,google_brand,1087.2,21,181.99
2025-06-12,google,cpc,google_brand,1259.74,25,221.19
2025-06-13,google,cpc,google_brand,1199.82,23,217.41
2025-06-14,google,cpc,google_brand,1045.02,20,197.47
2025-06-15,google,cpc,google_brand,1002.69,20,149.75
2025-06-16,google,cpc,google_brand,727.17,14,96.38
2025-06-17,google,cpc,google_brand,804.24,16,102.46
2025-06-18,google,cpc,google_brand,1090.19,21,133.17
2025-06-19,google,cpc,google_brand,1337.89,26,168.58
2025-06-20,google,cpc,google_brand,1334.82,26,231.28
2025-06-21,google,cpc,google_brand,1254.07,25,200.92
2025-06-22,google,cpc,google_brand,857.86,17,163.72
2025-06-23,google,cpc,google_brand,651.65,13,117.08
2025-06-24,google,cpc,google_brand,720.52,14,127.94
2025-06-25,google,cpc,google_brand,1035.13,20,163.87
2025-06-26,google,cpc,google_brand,1221.03,24,194.5
2025-06-27,google,cpc,google_brand,1410.86,28,228.23
2025-06-28,google,cpc,google_brand,1156.74,23,179.94
2025-06-29,google,cpc,google_brand,819.62,16,162.89
2025-01-01,google,cpc,google_nonbrand,451.55,9,76.47
2025-01-02,google,cpc,google_nonbrand,600.17,12,98.54
2025-01-03,google,cpc,google_nonbrand,630.54,12,86.78
2025-01-04,google,cpc,google_nonbrand,489.33,9,89.83
2025-01-05,google,cpc,google_nonbrand,368.02,7,59.17
2025-01-06,google,cpc,google_nonbrand,277.19,5,43.92
2025-01-07,google,cpc,google_nonbrand,366.9,7,64.66
2025-01-08,google,cpc,google_nonbrand,476.59,9,68.57
2025-01-09,google,cpc,google_nonbrand,628.09,12,90.68
2025-01-10,google,cpc,google_nonbrand,592.08,11,103.39
2025-01-11,google,cpc,google_nonbrand,572.67,11,77.27
2025-01-12,google,cpc,google_nonbrand,464.9,9,68.01
2025-01-13,google,cpc,google_nonbrand,340.39,6,43.12
2025-01-14,google,cpc,google_nonbrand,318.29,6,58.08
2025-01-15,google,cpc,google_nonbrand,484.2,9,74.47
2025-01-16,google,cpc,google_nonbrand,508.51,10,71.48
2025-01-17,google,cpc,google_nonbrand,562.16,11,105.06
2025-01-18,google,cpc,google_nonbrand,496.57,9,79.94
2025-01-19,google,cpc,google_nonbrand,434.62,8,57.61
2025-01-20,google,cpc,google_nonbrand,300.28,6,56.62
2025-01-21,google,cpc,google_nonbrand,419.7,8,66.0
2025-01-22,google,cpc,google_nonbrand,484.01,9,65.71
2025-01-23,google,cpc,google_nonbrand,601.01,12,74.82
2025-01-24,google,cpc,google_nonbrand,614.09,12,99.13
2025-01-25,google,cpc,google_nonbrand,536.88,10,67.97
2025-01-26,google,cpc,google_nonbrand,341.47,6,50.78
2025-01-27,google,cpc,google_nonbrand,334.89,6,43.62
2025-01-28,google,cpc,google_nonbrand,377.87,7,48.41
2025-01-29,google,cpc,google_nonbrand,398.36,7,76.42
2025-01-30,google,cpc,google_nonbrand,445.77,8,71.23
2025-01-31,google,cpc,google_nonbrand,636.08,12,96.9
2025-02-01,google,cpc,google_nonbrand,541.57,10,72.79
2025-02-02,google,cpc,google_nonbrand,405.5,8,51.48
2025-02-03,google,cpc,google_nonbrand,375.14,7,59.6
2025-02-04,google,cpc,google_nonbrand,398.79,7,59.42
2025-02-05,google,cpc,google_nonbrand,385.9,7,58.7
2025-02-06,google,cpc,google_nonbrand,524.85,10,75.48
2025-02-07,google,cpc,google_nonbrand,616.43,12,102.08
2025-02-08,google,cpc,google_nonbrand,476.28,9,92.71
2025-02-09,google,cpc,google_nonbrand,372.61,7,68.44
2025-02-10,google,cpc,google_nonbrand,335.39,6,46.22
2025-02-11,google,cpc,google_nonbrand,388.6,7,65.63
2025-02-12,google,cpc,google_nonbrand,439.58,8,59.11
2025-02-13,google,cpc,google_nonbrand,577.55,11,72.54
2025-02-14,google,cpc,google_nonbrand,532.83,10,100.76
2025-02-15,google,cpc,google_nonbrand,434.28,8,68.01
2025-02-16,google,cpc,google_nonbrand,418.39,8,74.58
2025-02-17,google,cpc,google_nonbrand,354.05,7,56.67
2025-02-18,google,cpc,google_nonbrand,317.87,6,56.65
2025-02-19,google,cpc,google_nonbrand,451.47,9,84.76
2025-02-20,google,cpc,google_nonbrand,590.58,11,91.57
2025-02-21,google,cpc,google_nonbrand,663.96,13,98.51
2025-02-22,google,cpc,google_nonbrand,485.07,9,69.86
2025-02-23,google,cpc,google_nonbrand,388.94,7,60.16
2025-02-24,google,cpc,google_nonbrand,274.22,5,43.14
2025-02-25,google,cpc,google_nonbrand,320.65,6,50.17
2025-02-26,google,cpc,google_nonbrand,463.6,9,69.85
2025-02-27,google,cpc,google_nonbrand,546.32,10,93.58
2025-02-28,google,cpc,google_nonbrand,520.67,10,89.57
2025-03-01,google,cpc,google_nonbrand,485.82,9,84.16
2025-03-02,google,cpc,google_nonbrand,361.6,7,50.95
2025-03-03,google,cpc,google_nonbrand,298.62,5,50.36
2025-03-04,google,cpc,google_nonbrand,362.76,7,56.65
2025-03-05,google,cpc,google_nonbrand,486.19,9,77.74
2025-03-06,google,cpc,google_nonbrand,531.4,10,94.21
2025-03-07,google,cpc,google_nonbrand,605.06,12,103.65
2025-03-08,google,cpc,google_nonbrand,522.51,10,79.06
2025-03-09,google,cpc,google_nonbrand,391.0,7,59.08
2025-03-10,google,cpc,google_nonbrand,377.08,7,55.71
2025-03-11,google,cpc,google_nonbrand,373.53,7,64.33
2025-03-12,google,cpc,google_nonbrand,495.29,9,72.51
2025-03-13,google,cpc,google_nonbrand,592.71,11,82.21
2025-03-14,google,cpc,google_nonbrand,508.89,10,92.75
2025-03-15,google,cpc,google_nonbrand,527.51,10,67.37
2025-03-16,google,cpc,google_nonbrand,347.35,6,51.44
2025-03-17,google,cpc,google_nonbrand,287.37,5,47.51
2025-03-18,google,cpc,google_nonbrand,367.41,7,50.96
2025-03-19,google,cpc,google_nonbrand,463.58,9,57.96
2025-03-20,google,cpc,google_nonbrand,554.36,11,101.46
2025-03-21,google,cpc,google_nonbrand,566.11,11,80.08
2025-03-22,google,cpc,google_nonbrand,462.29,9,68.92
2025-03-23,google,cpc,google_nonbrand,485.31,9,74.04
2025-03-24,google,cpc,google_nonbrand,320.32,6,56.43
2025-03-25,google,cpc,google_nonbrand,383.83,7,59.19
2025-03-26,google,cpc,google_nonbrand,465.01,9,68.7
2025-03-27,google,cpc,google_nonbrand,470.46,9,71.42
2025-03-28,google,cpc,google_nonbrand,519.2,10,93.9
2025-03-29,google,cpc,google_nonbrand,534.03,10,70.43
2025-03-30,google,cpc,google_nonbrand,431.27,8,74.81
2025-03-31,google,cpc,google_nonbrand,393.12,7,57.79
2025-04-01,google,cpc,google_nonbrand,328.26,6,47.16
2025-04-02,google,cpc,google_nonbrand,390.2,7,68.84
2025-04-03,google,cpc,google_nonbrand,558.22,11,97.87
2025-04-04,google,cpc,google_nonbrand,513.26,10,91.82
2025-04-05,google,cpc,google_nonbrand,545.52,10,70.91
2025-04-06,google,cpc,google_nonbrand,341.43,6,51.17
2025-04-07,google,cpc,google_nonbrand,315.64,6,46.66
2025-04-08,google,cpc,google_nonbrand,355.74,7,56.96
2025-04-09,google,cpc,google_nonbrand,393.88,7,59.96
2025-04-10,google,cpc,google_nonbrand,599.33,11,101.0
2025-04-11,google,cpc,google_nonbrand,616.38,12,98.51
2025-04-12,google,cpc,google_nonbrand,455.86,9,89.84
2025-04-13,google,cpc,google_nonbrand,394.47,7,59.23
2025-04-14,google,cpc,google_nonbrand,351.78,7,47.6
2025-04-15,google,cpc,google_nonbrand,379.47,7,54.67
2025-04-16,google,cpc,google_nonbrand,475.21,9,82.06
2025-04-17,google,cpc,google_nonbrand,595.19,11,103.34
2025-04-18,google,cpc,google_nonbrand,571.95,11,105.99
2025-04-19,google,cpc,google_nonbrand,512.83,10,81.25
2025-04-20,google,cpc,google_nonbrand,363.32,7,52.68
2025-04-21,google,cpc,google_nonbrand,359.94,7,59.39
2025-04-22,google,cpc,google_nonbrand,319.12,6,47.95
2025-04-23,google,cpc,google_nonbrand,371.85,7,63.05
2025-04-24,google,cpc,google_nonbrand,572.2,11,103.98
2025-04-25,google,cpc,google_nonbrand,577.84,11,85.81
2025-04-26,google,cpc,google_nonbrand,442.23,8,65.27
2025-04-27,google,cpc,google_nonbrand,425.07,8,67.65
2025-04-28,google,cpc,google_nonbrand,361.93,7,60.7
2025-04-29,google,cpc,google_nonbrand,378.43,7,54.56
2025-04-30,google,cpc,google_nonbrand,509.18,10,83.53
2025-05-01,google,cpc,google_nonbrand,633.0,12,105.25
2025-05-02,google,cpc,google_nonbrand,532.15,10,106.6
2025-05-03,google,cpc,google_nonbrand,514.13,10,88.85
2025-05-04,google,cpc,google_nonbrand,418.87,8,63.89
2025-05-05,google,cpc,google_nonbrand,399.47,7,60.45
2025-05-06,google,cpc,google_nonbrand,365.06,7,50.39
2025-05-07,google,cpc,google_nonbrand,446.85,8,79.12
2025-05-08,google,cpc,google_nonbrand,451.89,9,75.44
2025-05-09,google,cpc,google_nonbrand,593.72,11,103.28
2025-05-10,google,cpc,google_nonbrand,534.12,10,97.08
2025-05-11,google,cpc,google_nonbrand,412.31,8,74.53
2025-05-12,google,cpc,google_nonbrand,298.16,5,56.87
2025-05-13,google,cpc,google_nonbrand,387.04,7,56.28
2025-05-14,google,cpc,google_nonbrand,525.16,10,84.15
2025-05-15,google,cpc,google_nonbrand,497.7,9,72.35
2025-05-16,google,cpc,google_nonbrand,477.84,9,76.18
2025-05-17,google,cpc,google_nonbrand,553.05,11,86.99
2025-05-18,google,cpc,google_nonbrand,457.76,9,69.41
2025-05-19,google,cpc,google_nonbrand,368.55,7,55.76
2025-05-20,google,cpc,google_nonbrand,302.36,6,45.12
2025-05-21,google,cpc,google_nonbrand,510.15,10,75.43
2025-05-22,google,cpc,google_nonbrand,517.23,10,71.2
2025-05-23,google,cpc,google_nonbrand,505.41,10,99.56
2025-05-24,google,cpc,google_nonbrand,560.94,11,78.08
2025-05-25,google,cpc,google_nonbrand,374.91,7,66.86
2025-05-26,google,cpc,google_nonbrand,327.69,6,58.07
2025-05-27,google,cpc,google_nonbrand,347.49,6,62.84
2025-05-28,google,cpc,google_nonbrand,444.54,8,74.53
2025-05-29,google,cpc,google_nonbrand,597.39,11,80.8
2025-05-30,google,cpc,google_nonbrand,483.34,9,81.35
2025-05-31,google,cpc,google_nonbrand,529.83,10,76.15
2025-06-01,google,cpc,google_nonbrand,476.37,9,70.26
2025-06-02,google,cpc,google_nonbrand,308.03,6,46.74
2025-06-03,google,cpc,google_nonbrand,340.67,6,47.06
2025-06-04,google,cpc,google_nonbrand,512.22,10,86.24
2025-06-05,google,cpc,google_nonbrand,540.37,10,92.18
2025-06-06,google,cpc,google_nonbrand,604.62,12,108.41
2025-06-07,google,cpc,google_nonbrand,463.36,9,69.4
2025-06-08,google,cpc,google_nonbrand,339.2,6,51.73
2025-06-09,google,cpc,google_nonbrand,298.71,5,41.07
2025-06-10,google,cpc,google_nonbrand,342.01,6,58.02
2025-06-11,google,cpc,google_nonbrand,509.94,10,69.64
2025-06-12,google,cpc,google_nonbrand,576.29,11,97.75
2025-06-13,google,cpc,google_nonbrand,626.16,12,84.95
2025-06-14,google,cpc,google_nonbrand,464.27,9,72.68
2025-06-15,google,cpc,google_nonbrand,423.58,8,72.8
2025-06-16,google,cpc,google_nonbrand,347.38,6,55.82
2025-06-17,google,cpc,google_nonbrand,338.18,6,58.44
2025-06-18,google,cpc,google_nonbrand,413.6,8,64.49
2025-06-19,google,cpc,google_nonbrand,585.55,11,76.56
2025-06-20,google,cpc,google_nonbrand,569.74,11,84.9
2025-06-21,google,cpc,google_nonbrand,572.32,11,90.78
2025-06-22,google,cpc,google_nonbrand,391.11,7,61.02
2025-06-23,google,cpc,google_nonbrand,368.24,7,60.96
2025-06-24,google,cpc,google_nonbrand,412.31,8,61.99
2025-06-25,google,cpc,google_nonbrand,426.23,8,80.2
2025-06-26,google,cpc,google_nonbrand,489.66,9,91.01
2025-06-27,google,cpc,google_nonbrand,666.86,13,98.65
2025-06-28,google,cpc,google_nonbrand,498.74,9,81.7
2025-06-29,google,cpc,google_nonbrand,421.79,8,50.95
2025-01-01,google,cpc,google_shopping,352.11,7,54.15
2025-01-02,google,cpc,google_shopping,511.01,10,73.07
2025-01-03,google,cpc,google_shopping,451.29,9,72.06
2025-01-04,google,cpc,google_shopping,431.29,8,57.53
2025-01-05,google,cpc,google_shopping,365.21,7,43.21
2025-01-06,google,cpc,google_shopping,271.32,5,37.64
2025-01-07,google,cpc,google_shopping,311.75,6,44.18
2025-01-08,google,cpc,google_shopping,345.48,6,48.26
2025-01-09,google,cpc,google_shopping,454.04,9,85.2
2025-01-10,google,cpc,google_shopping,532.82,10,78.15
2025-01-11,google,cpc,google_shopping,450.94,9,63.57
2025-01-12,google,cpc,google_shopping,419.33,8,58.31
2025-01-13,google,cpc,google_shopping,275.24,5,38.55
2025-01-14,google,cpc,google_shopping,311.01,6,41.38
2025-01-15,google,cpc,google_shopping,393.89,7,64.69
2025-01-16,google,cpc,google_shopping,565.19,11,69.37
2025-01-17,google,cpc,google_shopping,497.59,9,63.83
2025-01-18,google,cpc,google_shopping,432.32,8,73.88
2025-01-19,google,cpc,google_shopping,306.7,6,42.93
2025-01-20,google,cpc,google_shopping,271.23,5,49.79
2025-01-21,google,cpc,google_shopping,266.78,5,40.38
2025-01-22,google,cpc,google_shopping,411.54,8,50.88
2025-01-23,google,cpc,google_shopping,505.02,10,66.72
2025-01-24,google,cpc,google_shopping,596.44,11,80.71
2025-01-25,google,cpc,google_shopping,486.71,9,54.62
2025-01-26,google,cpc,google_shopping,334.9,6,54.92
2025-01-27,google,cpc,google_shopping,345.41,6,47.3
2025-01-28,google,cpc,google_shopping,352.82,7,41.6
2025-01-29,google,cpc,google_shopping,429.36,8,59.17
2025-01-30,google,cpc,google_shopping,518.79,10,88.83
2025-01-31,google,cpc,google_shopping,523.88,10,87.66
2025-02-01,google,cpc,google_shopping,502.79,10,76.27
2025-02-02,google,cpc,google_shopping,343.54,6,46.48
2025-02-03,google,cpc,google_shopping,256.05,5,39.53
2025-02-04,google,cpc,google_shopping,289.18,5,37.46
2025-02-05,google,cpc,google_shopping,352.65,7,48.67
2025-02-06,google,cpc,google_shopping,558.32,11,81.11
2025-02-07,google,cpc,google_shopping,519.22,10,85.33
2025-02-08,google,cpc,google_shopping,507.13,10,78.74
2025-02-09,google,cpc,google_shopping,310.86,6,44.58
2025-02-10,google,cpc,google_shopping,278.54,5,45.94
2025-02-11,google,cpc,google_shopping,372.73,7,46.27
2025-02-12,google,cpc,google_shopping,334.4,6,48.31
2025-02-13,google,cpc,google_shopping,555.53,11,89.08
2025-02-14,google,cpc,google_shopping,569.59,11,66.27
2025-02-15,google,cpc,google_shopping,498.05,9,78.48
2025-02-16,google,cpc,google_shopping,347.37,6,54.98
2025-02-17,google,cpc,google_shopping,289.71,5,34.98
2025-02-18,google,cpc,google_shopping,330.75,6,42.35
2025-02-19,google,cpc,google_shopping,373.82,7,68.38
2025-02-20,google,cpc,google_shopping,475.74,9,77.25
2025-02-21,google,cpc,google_shopping,516.65,10,89.55
2025-02-22,google,cpc,google_shopping,484.72,9,71.13
2025-02-23,google,cpc,google_shopping,380.91,7,50.25
2025-02-24,google,cpc,google_shopping,316.41,6,46.49
2025-02-25,google,cpc,google_shopping,384.57,7,50.9
2025-02-26,google,cpc,google_shopping,416.32,8,58.32
2025-02-27,google,cpc,google_shopping,522.08,10,59.9
2025-02-28,google,cpc,google_shopping,520.52,10,78.53
2025-03-01,google,cpc,google_shopping,497.78,9,57.05
2025-03-02,google,cpc,google_shopping,381.39,7,50.22
2025-03-03,google,cpc,google_shopping,325.58,6,36.66
2025-03-04,google,cpc,google_shopping,282.04,5,40.2
2025-03-05,google,cpc,google_shopping,492.42,9,68.92
2025-03-06,google,cpc,google_shopping,488.34,9,65.84
2025-03-07,google,cpc,google_shopping,611.36,12,85.17
2025-03-08,google,cpc,google_shopping,465.59,9,64.82
2025-03-09,google,cpc,google_shopping,404.78,8,57.49
2025-03-10,google,cpc,google_shopping,319.09,6,47.47
2025-03-11,google,cpc,google_shopping,343.75,6,38.84
2025-03-12,google,cpc,google_shopping,477.75,9,69.08
2025-03-13,google,cpc,google_shopping,442.32,8,62.5
2025-03-14,google,cpc,google_shopping,471.04,9,85.49
2025-03-15,google,cpc,google_shopping,479.95,9,81.17
2025-03-16,google,cpc,google_shopping,421.34,8,57.02
2025-03-17,google,cpc,google_shopping,280.33,5,40.84
2025-03-18,google,cpc,google_shopping,337.3,6,48.14
2025-03-19,google,cpc,google_shopping,426.59,8,58.08
2025-03-20,google,cpc,google_shopping,533.09,10,87.36
2025-03-21,google,cpc,google_shopping,494.79,9,68.45
2025-03-22,google,cpc,google_shopping,412.77,8,65.23
2025-03-23,google,cpc,google_shopping,369.31,7,45.36
2025-03-24,google,cpc,google_shopping,334.22,6,39.9
2025-03-25,google,cpc,google_shopping,275.3,5,41.4
2025-03-26,google,cpc,google_shopping,482.05,9,66.38
2025-03-27,google,cpc,google_shopping,452.7,9,67.8
2025-03-28,google,cpc,google_shopping,516.35,10,68.11
2025-03-29,google,cpc,google_shopping,434.78,8,67.25
2025-03-30,google,cpc,google_shopping,342.02,6,42.89
2025-03-31,google,cpc,google_shopping,334.32,6,50.48
2025-04-01,google,cpc,google_shopping,286.41,5,46.05
2025-04-02,google,cpc,google_shopping,380.29,7,54.3
2025-04-03,google,cpc,google_shopping,587.61,11,82.29
2025-04-04,google,cpc,google_shopping,640.95,12,90.41
2025-04-05,google,cpc,google_shopping,566.24,11,81.26
2025-04-06,google,cpc,google_shopping,307.77,6,43.45
2025-04-07,google,cpc,google_shopping,297.24,5,39.31
2025-04-08,google,cpc,google_shopping,338.02,6,38.7
2025-04-09,google,cpc,google_shopping,430.68,8,63.08
2025-04-10,google,cpc,google_shopping,453.46,9,64.44
2025-04-11,google,cpc,google_shopping,565.2,11,67.31
2025-04-12,google,cpc,google_shopping,509.03,10,70.41
2025-04-13,google,cpc,google_shopping,342.87,6,48.15
2025-04-14,google,cpc,google_shopping,320.0,6,41.02
2025-04-15,google,cpc,google_shopping,306.88,6,51.16
2025-04-16,google,cpc,google_shopping,392.15,7,70.91
2025-04-17,google,cpc,google_shopping,471.7,9,86.2
2025-04-18,google,cpc,google_shopping,572.19,11,70.56
2025-04-19,google,cpc,google_shopping,439.3,8,59.38
2025-04-20,google,cpc,google_shopping,336.46,6,51.37
2025-04-21,google,cpc,google_shopping,342.17,6,46.23
2025-04-22,google,cpc,google_shopping,324.47,6,53.05
2025-04-23,google,cpc,google_shopping,388.87,7,61.01
2025-04-24,google,cpc,google_shopping,444.65,8,66.81
2025-04-25,google,cpc,google_shopping,627.4,12,91.61
2025-04-26,google,cpc,google_shopping,489.36,9,75.67
2025-04-27,google,cpc,google_shopping,369.58,7,52.23
2025-04-28,google,cpc,google_shopping,296.42,5,43.27
2025-04-29,google,cpc,google_shopping,273.27,5,39.34
2025-04-30,google,cpc,google_shopping,440.68,8,71.17
2025-05-01,google,cpc,google_shopping,484.95,9,87.89
2025-05-02,google,cpc,google_shopping,490.39,9,79.59
2025-05-03,google,cpc,google_shopping,391.32,7,61.39
2025-05-04,google,cpc,google_shopping,391.18,7,44.43
2025-05-05,google,cpc,google_shopping,302.84,6,39.6
2025-05-06,google,cpc,google_shopping,313.28,6,45.49
2025-05-07,google,cpc,google_shopping,381.2,7,61.04
2025-05-08,google,cpc,google_shopping,593.22,11,88.95
2025-05-09,google,cpc,google_shopping,544.4,10,85.43
2025-05-10,google,cpc,google_shopping,506.05,10,58.66
2025-05-11,google,cpc,google_shopping,310.47,6,49.1
2025-05-12,google,cpc,google_shopping,320.2,6,39.95
2025-05-13,google,cpc,google_shopping,354.75,7,48.4
2025-05-14,google,cpc,google_shopping,397.16,7,67.35
2025-05-15,google,cpc,google_shopping,527.62,10,87.02
2025-05-16,google,cpc,google_shopping,461.92,9,82.23
2025-05-17,google,cpc,google_shopping,466.31,9,81.56
2025-05-18,google,cpc,google_shopping,340.48,6,43.24
2025-05-19,google,cpc,google_shopping,255.37,5,36.31
2025-05-20,google,cpc,google_shopping,319.73,6,48.57
2025-05-21,google,cpc,google_shopping,417.53,8,70.44
2025-05-22,google,cpc,google_shopping,519.44,10,81.14
2025-05-23,google,cpc,google_shopping,560.62,11,82.88
2025-05-24,google,cpc,google_shopping,532.17,10,67.37
2025-05-25,google,cpc,google_shopping,324.22,6,49.13
2025-05-26,google,cpc,google_shopping,340.22,6,45.68
2025-05-27,google,cpc,google_shopping,299.04,5,37.65
2025-05-28,google,cpc,google_shopping,472.89,9,69.73
2025-05-29,google,cpc,google_shopping,546.8,10,89.04
2025-05-30,google,cpc,google_shopping,512.09,10,82.88
2025-05-31,google,cpc,google_shopping,476.61,9,80.31
2025-06-01,google,cpc,google_shopping,367.38,7,57.43
2025-06-02,google,cpc,google_shopping,323.42,6,43.7
2025-06-03,google,cpc,google_shopping,364.56,7,46.3
2025-06-04,google,cpc,google_shopping,432.8,8,58.32
2025-06-05,google,cpc,google_shopping,487.5,9,69.71
2025-06-06,google,cpc,google_shopping,470.53,9,76.03
2025-06-07,google,cpc,google_shopping,467.92,9,56.99
2025-06-08,google,cpc,google_shopping,392.66,7,55.69
2025-06-09,google,cpc,google_shopping,265.8,5,34.45
2025-06-10,google,cpc,google_shopping,336.81,6,40.56
2025-06-11,google,cpc,google_shopping,404.96,8,68.96
2025-06-12,google,cpc,google_shopping,463.92,9,79.4
2025-06-13,google,cpc,google_shopping,462.76,9,70.89
2025-06-14,google,cpc,google_shopping,481.38,9,62.22
2025-06-15,google,cpc,google_shopping,352.08,7,61.03
2025-06-16,google,cpc,google_shopping,320.87,6,43.36
2025-06-17,google,cpc,google_shopping,355.64,7,54.49
2025-06-18,google,cpc,google_shopping,420.64,8,54.37
2025-06-19,google,cpc,google_shopping,571.29,11,69.06
2025-06-20,google,cpc,google_shopping,556.7,11,74.77
2025-06-21,google,cpc,google_shopping,427.99,8,55.12
2025-06-22,google,cpc,google_shopping,397.63,7,60.29
2025-06-23,google,cpc,google_shopping,337.52,6,41.69
2025-06-24,google,cpc,google_shopping,321.88,6,52.67
2025-06-25,google,cpc,google_shopping,420.08,8,61.34
2025-06-26,google,cpc,google_shopping,493.87,9,78.34
2025-06-27,google,cpc,google_shopping,580.94,11,69.93
2025-06-28,google,cpc,google_shopping,546.18,10,79.66
2025-06-29,google,cpc,google_shopping,418.43,8,62.45
2025-01-01,bing,cpc,bing_brand,1092.9,21,238.78
2025-01-02,bing,cpc,bing_brand,1349.01,26,266.22
2025-01-03,bing,cpc,bing_brand,1252.44,25,284.82
2025-01-04,bing,cpc,bing_brand,1206.55,24,281.32
2025-01-05,bing,cpc,bing_brand,1044.05,20,185.78
2025-01-06,bing,cpc,bing_brand,773.5,15,194.82
2025-01-07,bing,cpc,bing_brand,787.52,15,147.92
2025-01-08,bing,cpc,bing_brand,1257.78,25,269.29
2025-01-09,bing,cpc,bing_brand,1384.81,27,254.11
2025-01-10,bing,cpc,bing_brand,1283.95,25,263.22
2025-01-11,bing,cpc,bing_brand,1165.22,23,326.21
2025-01-12,bing,cpc,bing_brand,924.05,18,180.35
2025-01-13,bing,cpc,bing_brand,944.86,18,178.41
2025-01-14,bing,cpc,bing_brand,809.6,16,219.63
2025-01-15,bing,cpc,bing_brand,1159.48,23,205.8
2025-01-16,bing,cpc,bing_brand,1446.44,28,269.83
2025-01-17,bing,cpc,bing_brand,1232.72,24,331.37
2025-01-18,bing,cpc,bing_brand,1143.74,22,308.15
2025-01-19,bing,cpc,bing_brand,992.21,19,202.92
2025-01-20,bing,cpc,bing_brand,870.52,17,170.32
2025-01-21,bing,cpc,bing_brand,1030.75,20,195.45
2025-01-22,bing,cpc,bing_brand,1167.59,23,288.72
2025-01-23,bing,cpc,bing_brand,1360.77,27,248.99
2025-01-24,bing,cpc,bing_brand,1350.53,27,370.33
2025-01-25,bing,cpc,bing_brand,1198.06,23,267.75
2025-01-26,bing,cpc,bing_brand,981.79,19,171.76
2025-01-27,bing,cpc,bing_brand,879.19,17,160.27
2025-01-28,bing,cpc,bing_brand,1003.92,20,208.67
2025-01-29,bing,cpc,bing_brand,1041.17,20,232.63
2025-01-30,bing,cpc,bing_brand,1475.08,29,326.66
2025-01-31,bing,cpc,bing_brand,1537.55,30,309.94
2025-02-01,bing,cpc,bing_brand,1321.47,26,233.23
2025-02-02,bing,cpc,bing_brand,841.4,16,175.5
2025-02-03,bing,cpc,bing_brand,720.39,14,172.57
2025-02-04,bing,cpc,bing_brand,708.64,14,151.25
2025-02-05,bing,cpc,bing_brand,1193.14,23,234.52
2025-02-06,bing,cpc,bing_brand,1323.24,26,241.81
2025-02-07,bing,cpc,bing_brand,1271.85,25,351.23
2025-02-08,bing,cpc,bing_brand,1315.4,26,233.55
2025-02-09,bing,cpc,bing_brand,1030.68,20,236.38
2025-02-10,bing,cpc,bing_brand,750.81,15,192.0
2025-02-11,bing,cpc,bing_brand,933.74,18,176.43
2025-02-12,bing,cpc,bing_brand,1163.07,23,217.3
2025-02-13,bing,cpc,bing_brand,1424.73,28,297.59
2025-02-14,bing,cpc,bing_brand,1317.83,26,306.64
2025-02-15,bing,cpc,bing_brand,1091.56,21,241.42
2025-02-16,bing,cpc,bing_brand,895.95,17,230.38
2025-02-17,bing,cpc,bing_brand,704.81,14,142.07
2025-02-18,bing,cpc,bing_brand,929.73,18,160.28
2025-02-19,bing,cpc,bing_brand,1259.48,25,230.88
2025-02-20,bing,cpc,bing_brand,1338.28,26,253.98
2025-02-21,bing,cpc,bing_brand,1326.28,26,304.65
2025-02-22,bing,cpc,bing_brand,1452.49,29,312.78
2025-02-23,bing,cpc,bing_brand,929.19,18,240.54
2025-02-24,bing,cpc,bing_brand,832.6,16,151.25
2025-02-25,bing,cpc,bing_brand,920.77,18,168.66
2025-02-26,bing,cpc,bing_brand,1134.02,22,247.04
2025-02-27,bing,cpc,bing_brand,1447.24,28,336.13
2025-02-28,bing,cpc,bing_brand,1137.64,22,252.13
2025-03-01,bing,cpc,bing_brand,1236.65,24,283.02
2025-03-02,bing,cpc,bing_brand,935.06,18,189.24
2025-03-03,bing,cpc,bing_brand,932.79,18,187.83
2025-03-04,bing,cpc,bing_brand,858.37,17,188.71
2025-03-05,bing,cpc,bing_brand,1089.94,21,218.58
2025-03-06,bing,cpc,bing_brand,1327.33,26,275.08
2025-03-07,bing,cpc,bing_brand,1214.84,24,333.01
2025-03-08,bing,cpc,bing_brand,1066.7,21,217.69
2025-03-09,bing,cpc,bing_brand,1070.82,21,242.36
2025-03-10,bing,cpc,bing_brand,882.58,17,147.92
2025-03-11,bing,cpc,bing_brand,873.21,17,181.99
2025-03-12,bing,cpc,bing_brand,1002.86,20,282.57
2025-03-13,bing,cpc,bing_brand,1322.79,26,263.24
2025-03-14,bing,cpc,bing_brand,1410.5,28,273.15
2025-03-15,bing,cpc,bing_brand,1051.8,21,240.87
2025-03-16,bing,cpc,bing_brand,930.17,18,184.79
2025-03-17,bing,cpc,bing_brand,703.9,14,148.21
2025-03-18,bing,cpc,bing_brand,868.88,17,210.75
2025-03-19,bing,cpc,bing_brand,947.65,18,227.24
2025-03-20,bing,cpc,bing_brand,1215.33,24,280.14
2025-03-21,bing,cpc,bing_brand,1266.43,25,324.78
2025-03-22,bing,cpc,bing_brand,1436.52,28,314.22
2025-03-23,bing,cpc,bing_brand,828.8,16,175.82
2025-03-24,bing,cpc,bing_brand,811.99,16,144.07
2025-03-25,bing,cpc,bing_brand,930.47,18,156.35
2025-03-26,bing,cpc,bing_brand,1246.23,24,265.12
2025-03-27,bing,cpc,bing_brand,1525.64,30,300.19
2025-03-28,bing,cpc,bing_brand,1278.86,25,254.32
2025-03-29,bing,cpc,bing_brand,1372.04,27,252.82
2025-03-30,bing,cpc,bing_brand,1084.78,21,215.76
2025-03-31,bing,cpc,bing_brand,903.32,18,147.81
2025-04-01,bing,cpc,bing_brand,880.83,17,184.1
2025-04-02,bing,cpc,bing_brand,1117.59,22,285.97
2025-04-03,bing,cpc,bing_brand,1345.87,26,284.91
2025-04-04,bing,cpc,bing_brand,1258.06,25,264.76
2025-04-05,bing,cpc,bing_brand,1050.93,21,238.6
2025-04-06,bing,cpc,bing_brand,1050.44,21,239.98
2025-04-07,bing,cpc,bing_brand,787.76,15,160.64
2025-04-08,bing,cpc,bing_brand,910.46,18,179.16
2025-04-09,bing,cpc,bing_brand,1304.63,26,281.73
2025-04-10,bing,cpc,bing_brand,1244.58,24,284.2
2025-04-11,bing,cpc,bing_brand,1398.51,27,304.94
2025-04-12,bing,cpc,bing_brand,1284.17,25,267.82
2025-04-13,bing,cpc,bing_brand,937.83,18,213.88
2025-04-14,bing,cpc,bing_brand,779.15,15,159.76
2025-04-15,bing,cpc,bing_brand,754.39,15,154.34
2025-04-16,bing,cpc,bing_brand,1096.14,21,262.12
2025-04-17,bing,cpc,bing_brand,1313.77,26,263.17
2025-04-18,bing,cpc,bing_brand,1303.03,26,342.82
2025-04-19,bing,cpc,bing_brand,1428.51,28,307.52
2025-04-20,bing,cpc,bing_brand,1046.16,20,217.48
2025-04-21,bing,cpc,bing_brand,880.72,17,139.79
2025-04-22,bing,cpc,bing_brand,982.16,19,176.28
2025-04-23,bing,cpc,bing_brand,952.14,19,248.25
2025-04-24,bing,cpc,bing_brand,1334.47,26,242.25
2025-04-25,bing,cpc,bing_brand,1187.19,23,318.83
2025-04-26,bing,cpc,bing_brand,1390.15,27,298.46
2025-04-27,bing,cpc,bing_brand,974.78,19,209.02
2025-04-28,bing,cpc,bing_brand,837.92,16,136.58
2025-04-29,bing,cpc,bing_brand,962.98,19,171.73
2025-04-30,bing,cpc,bing_brand,1116.37,22,228.43
2025-05-01,bing,cpc,bing_brand,1164.66,23,269.8
2025-05-02,bing,cpc,bing_brand,1405.95,28,345.23
2025-05-03,bing,cpc,bing_brand,1406.79,28,275.94
2025-05-04,bing,cpc,bing_brand,1142.62,22,248.14
2025-05-05,bing,cpc,bing_brand,814.17,16,148.99
2025-05-06,bing,cpc,bing_brand,885.4,17,212.07
2025-05-07,bing,cpc,bing_brand,1160.84,23,202.25
2025-05-08,bing,cpc,bing_brand,1348.15,26,294.92
2025-05-09,bing,cpc,bing_brand,1474.89,29,371.02
2025-05-10,bing,cpc,bing_brand,1173.81,23,263.81
2025-05-11,bing,cpc,bing_brand,864.51,17,202.43
2025-05-12,bing,cpc,bing_brand,939.45,18,190.34
2025-05-13,bing,cpc,bing_brand,809.08,16,168.32
2025-05-14,bing,cpc,bing_brand,985.3,19,276.68
2025-05-15,bing,cpc,bing_brand,1312.68,26,299.52
2025-05-16,bing,cpc,bing_brand,1256.96,25,334.69
2025-05-17,bing,cpc,bing_brand,1202.99,24,290.28
2025-05-18,bing,cpc,bing_brand,860.25,17,219.26
2025-05-19,bing,cpc,bing_brand,826.01,16,167.66
2025-05-20,bing,cpc,bing_brand,759.83,15,163.15
2025-05-21,bing,cpc,bing_brand,1022.61,20,210.66
2025-05-22,bing,cpc,bing_brand,1444.88,28,249.18
2025-05-23,bing,cpc,bing_brand,1491.52,29,299.21
2025-05-24,bing,cpc,bing_brand,1120.04,22,323.58
2025-05-25,bing,cpc,bing_brand,1112.95,22,222.02
2025-05-26,bing,cpc,bing_brand,819.84,16,179.41
2025-05-27,bing,cpc,bing_brand,753.55,15,179.13
2025-05-28,bing,cpc,bing_brand,1278.29,25,243.98
2025-05-29,bing,cpc,bing_brand,1185.14,23,351.6
2025-05-30,bing,cpc,bing_brand,1316.62,26,336.64
2025-05-31,bing,cpc,bing_brand,1100.13,22,315.81
2025-06-01,bing,cpc,bing_brand,1134.07,22,245.82
2025-06-02,bing,cpc,bing_brand,680.56,13,144.21
2025-06-03,bing,cpc,bing_brand,821.34,16,208.87
2025-06-04,bing,cpc,bing_brand,1252.34,25,244.01
2025-06-05,bing,cpc,bing_brand,1291.49,25,305.11
2025-06-06,bing,cpc,bing_brand,1190.31,23,304.19
2025-06-07,bing,cpc,bing_brand,1207.88,24,322.97
2025-06-08,bing,cpc,bing_brand,889.18,17,183.31
2025-06-09,bing,cpc,bing_brand,762.9,15,201.89
2025-06-10,bing,cpc,bing_brand,976.33,19,211.27
2025-06-11,bing,cpc,bing_brand,1308.42,26,272.41
2025-06-12,bing,cpc,bing_brand,1543.95,30,337.75
2025-06-13,bing,cpc,bing_brand,1447.22,28,264.62
2025-06-14,bing,cpc,bing_brand,1251.6,25,276.94
2025-06-15,bing,cpc,bing_brand,1171.48,23,242.73
2025-06-16,bing,cpc,bing_brand,840.18,16,184.21
2025-06-17,bing,cpc,bing_brand,848.16,16,180.99
2025-06-18,bing,cpc,bing_brand,1058.05,21,227.33
2025-06-19,bing,cpc,bing_brand,1111.6,22,248.34
2025-06-20,bing,cpc,bing_brand,1385.15,27,345.85
2025-06-21,bing,cpc,bing_brand,1319.78,26,318.82
2025-06-22,bing,cpc,bing_brand,835.83,16,170.4
2025-06-23,bing,cpc,bing_brand,907.03,18,150.23
2025-06-24,bing,cpc,bing_brand,856.46,17,163.48
2025-06-25,bing,cpc,bing_brand,1321.08,26,282.63
2025-06-26,bing,cpc,bing_brand,1117.53,22,265.76
2025-06-27,bing,cpc,bing_brand,1158.25,23,267.94
2025-06-28,bing,cpc,bing_brand,1217.69,24,238.8
2025-06-29,bing,cpc,bing_brand,1039.01,20,243.86
2025-01-01,bing,cpc,bing_nonbrand,868.74,17,112.55
2025-01-02,bing,cpc,bing_nonbrand,1163.19,23,142.1
2025-01-03,bing,cpc,bing_nonbrand,898.5,17,121.95
2025-01-04,bing,cpc,bing_nonbrand,875.97,17,101.1
2025-01-05,bing,cpc,bing_nonbrand,719.09,14,102.97
2025-01-06,bing,cpc,bing_nonbrand,612.04,12,78.78
2025-01-07,bing,cpc,bing_nonbrand,580.1,11,67.15
2025-01-08,bing,cpc,bing_nonbrand,871.09,17,106.62
2025-01-09,bing,cpc,bing_nonbrand,908.43,18,120.79
2025-01-10,bing,cpc,bing_nonbrand,952.28,19,141.38
2025-01-11,bing,cpc,bing_nonbrand,861.59,17,133.38
2025-01-12,bing,cpc,bing_nonbrand,686.81,13,73.66
2025-01-13,bing,cpc,bing_nonbrand,590.96,11,71.64
2025-01-14,bing,cpc,bing_nonbrand,723.48,14,74.95
2025-01-15,bing,cpc,bing_nonbrand,810.04,16,99.92
2025-01-16,bing,cpc,bing_nonbrand,859.42,17,120.15
2025-01-17,bing,cpc,bing_nonbrand,960.83,19,134.68
2025-01-18,bing,cpc,bing_nonbrand,802.15,16,119.79
2025-01-19,bing,cpc,bing_nonbrand,741.74,14,104.22
2025-01-20,bing,cpc,bing_nonbrand,607.66,12,82.36
2025-01-21,bing,cpc,bing_nonbrand,663.17,13,63.38
2025-01-22,bing,cpc,bing_nonbrand,897.74,17,106.42
2025-01-23,bing,cpc,bing_nonbrand,1029.25,20,120.47
2025-01-24,bing,cpc,bing_nonbrand,1110.61,22,148.35
2025-01-25,bing,cpc,bing_nonbrand,947.1,18,106.63
2025-01-26,bing,cpc,bing_nonbrand,828.39,16,93.4
2025-01-27,bing,cpc,bing_nonbrand,567.27,11,67.41
2025-01-28,bing,cpc,bing_nonbrand,655.09,13,86.5
2025-01-29,bing,cpc,bing_nonbrand,824.28,16,109.97
2025-01-30,bing,cpc,bing_nonbrand,1040.57,20,109.92
2025-01-31,bing,cpc,bing_nonbrand,913.25,18,110.69
2025-02-01,bing,cpc,bing_nonbrand,994.91,19,119.3
2025-02-02,bing,cpc,bing_nonbrand,692.26,13,101.19
2025-02-03,bing,cpc,bing_nonbrand,640.93,12,60.01
2025-02-04,bing,cpc,bing_nonbrand,555.72,11,66.27
2025-02-05,bing,cpc,bing_nonbrand,807.2,16,92.08
2025-02-06,bing,cpc,bing_nonbrand,1106.91,22,143.02
2025-02-07,bing,cpc,bing_nonbrand,953.23,19,140.66
2025-02-08,bing,cpc,bing_nonbrand,898.06,17,107.08
2025-02-09,bing,cpc,bing_nonbrand,643.36,12,75.07
2025-02-10,bing,cpc,bing_nonbrand,511.94,10,65.63
2025-02-11,bing,cpc,bing_nonbrand,676.55,13,78.45
2025-02-12,bing,cpc,bing_nonbrand,777.75,15,83.18
2025-02-13,bing,cpc,bing_nonbrand,1094.23,21,138.03
2025-02-14,bing,cpc,bing_nonbrand,1048.63,20,146.22
2025-02-15,bing,cpc,bing_nonbrand,868.37,17,128.1
2025-02-16,bing,cpc,bing_nonbrand,637.36,12,82.52
2025-02-17,bing,cpc,bing_nonbrand,567.33,11,70.16
2025-02-18,bing,cpc,bing_nonbrand,663.59,13,68.93
2025-02-19,bing,cpc,bing_nonbrand,747.28,14,92.99
2025-02-20,bing,cpc,bing_nonbrand,943.81,18,105.72
2025-02-21,bing,cpc,bing_nonbrand,980.18,19,119.62
2025-02-22,bing,cpc,bing_nonbrand,964.03,19,101.55
2025-02-23,bing,cpc,bing_nonbrand,744.83,14,102.42
2025-02-24,bing,cpc,bing_nonbrand,662.8,13,75.15
2025-02-25,bing,cpc,bing_nonbrand,688.13,13,92.25
2025-02-26,bing,cpc,bing_nonbrand,949.25,18,116.13
2025-02-27,bing,cpc,bing_nonbrand,1007.27,20,138.49
2025-02-28,bing,cpc,bing_nonbrand,854.09,17,108.1
2025-03-01,bing,cpc,bing_nonbrand,912.39,18,112.51
2025-03-02,bing,cpc,bing_nonbrand,723.75,14,84.15
2025-03-03,bing,cpc,bing_nonbrand,651.25,13,72.57
2025-03-04,bing,cpc,bing_nonbrand,557.9,11,64.86
2025-03-05,bing,cpc,bing_nonbrand,926.04,18,112.24
2025-03-06,bing,cpc,bing_nonbrand,1151.47,23,148.58
2025-03-07,bing,cpc,bing_nonbrand,1011.71,20,150.1
2025-03-08,bing,cpc,bing_nonbrand,844.49,16,109.08
2025-03-09,bing,cpc,bing_nonbrand,818.5,16,91.11
2025-03-10,bing,cpc,bing_nonbrand,588.57,11,66.67
2025-03-11,bing,cpc,bing_nonbrand,559.21,11,70.64
2025-03-12,bing,cpc,bing_nonbrand,687.34,13,88.22
2025-03-13,bing,cpc,bing_nonbrand,1001.93,20,146.32
2025-03-14,bing,cpc,bing_nonbrand,1124.79,22,147.21
2025-03-15,bing,cpc,bing_nonbrand,803.04,16,99.55
2025-03-16,bing,cpc,bing_nonbrand,685.34,13,98.3
2025-03-17,bing,cpc,bing_nonbrand,546.91,10,82.83
2025-03-18,bing,cpc,bing_nonbrand,706.4,14,82.37
2025-03-19,bing,cpc,bing_nonbrand,742.24,14,89.83
2025-03-20,bing,cpc,bing_nonbrand,960.24,19,147.08
2025-03-21,bing,cpc,bing_nonbrand,1010.88,20,126.21
2025-03-22,bing,cpc,bing_nonbrand,969.01,19,102.33
2025-03-23,bing,cpc,bing_nonbrand,707.85,14,96.89
2025-03-24,bing,cpc,bing_nonbrand,556.14,11,80.61
2025-03-25,bing,cpc,bing_nonbrand,613.68,12,61.65
2025-03-26,bing,cpc,bing_nonbrand,735.02,14,120.32
2025-03-27,bing,cpc,bing_nonbrand,974.08,19,109.54
2025-03-28,bing,cpc,bing_nonbrand,933.47,18,145.95
2025-03-29,bing,cpc,bing_nonbrand,974.33,19,108.79
2025-03-30,bing,cpc,bing_nonbrand,640.71,12,82.9
2025-03-31,bing,cpc,bing_nonbrand,553.88,11,62.42
2025-04-01,bing,cpc,bing_nonbrand,701.44,14,76.27
2025-04-02,bing,cpc,bing_nonbrand,874.58,17,106.18
2025-04-03,bing,cpc,bing_nonbrand,1007.31,20,147.99
2025-04-04,bing,cpc,bing_nonbrand,1160.1,23,124.83
2025-04-05,bing,cpc,bing_nonbrand,956.01,19,102.0
2025-04-06,bing,cpc,bing_nonbrand,644.99,12,96.29
2025-04-07,bing,cpc,bing_nonbrand,533.68,10,70.18
2025-04-08,bing,cpc,bing_nonbrand,606.59,12,67.22
2025-04-09,bing,cpc,bing_nonbrand,871.05,17,92.0
2025-04-10,bing,cpc,bing_nonbrand,1122.08,22,144.25
2025-04-11,bing,cpc,bing_nonbrand,947.87,18,117.7
2025-04-12,bing,cpc,bing_nonbrand,797.11,15,102.4
2025-04-13,bing,cpc,bing_nonbrand,724.28,14,102.9
2025-04-14,bing,cpc,bing_nonbrand,630.49,12,63.25
2025-04-15,bing,cpc,bing_nonbrand,539.99,10,73.8
2025-04-16,bing,cpc,bing_nonbrand,822.72,16,86.88
2025-04-17,bing,cpc,bing_nonbrand,930.19,18,138.07
2025-04-18,bing,cpc,bing_nonbrand,1186.69,23,151.53
2025-04-19,bing,cpc,bing_nonbrand,866.66,17,129.37
2025-04-20,bing,cpc,bing_nonbrand,758.32,15,71.68
2025-04-21,bing,cpc,bing_nonbrand,596.79,11,65.56
2025-04-22,bing,cpc,bing_nonbrand,578.13,11,84.9
2025-04-23,bing,cpc,bing_nonbrand,947.84,18,111.75
2025-04-24,bing,cpc,bing_nonbrand,996.13,19,135.36
2025-04-25,bing,cpc,bing_nonbrand,1079.1,21,149.42
2025-04-26,bing,cpc,bing_nonbrand,1025.6,20,124.66
2025-04-27,bing,cpc,bing_nonbrand,686.48,13,96.11
2025-04-28,bing,cpc,bing_nonbrand,519.96,10,60.22
2025-04-29,bing,cpc,bing_nonbrand,635.28,12,76.99
2025-04-30,bing,cpc,bing_nonbrand,796.92,15,103.79
2025-05-01,bing,cpc,bing_nonbrand,1145.13,22,138.26
2025-05-02,bing,cpc,bing_nonbrand,1086.98,21,116.7
2025-05-03,bing,cpc,bing_nonbrand,936.76,18,121.63
2025-05-04,bing,cpc,bing_nonbrand,754.74,15,76.5
2025-05-05,bing,cpc,bing_nonbrand,656.86,13,84.18
2025-05-06,bing,cpc,bing_nonbrand,756.45,15,89.76
2025-05-07,bing,cpc,bing_nonbrand,838.34,16,94.52
2025-05-08,bing,cpc,bing_nonbrand,1137.23,22,122.74
2025-05-09,bing,cpc,bing_nonbrand,974.16,19,108.75
2025-05-10,bing,cpc,bing_nonbrand,884.6,17,130.6
2025-05-11,bing,cpc,bing_nonbrand,709.88,14,97.45
2025-05-12,bing,cpc,bing_nonbrand,687.99,13,84.73
2025-05-13,bing,cpc,bing_nonbrand,671.37,13,70.79
2025-05-14,bing,cpc,bing_nonbrand,829.4,16,93.91
2025-05-15,bing,cpc,bing_nonbrand,1107.85,22,131.89
2025-05-16,bing,cpc,bing_nonbrand,910.31,18,105.15
2025-05-17,bing,cpc,bing_nonbrand,950.81,19,123.17
2025-05-18,bing,cpc,bing_nonbrand,620.05,12,87.24
2025-05-19,bing,cpc,bing_nonbrand,642.3,12,66.77
2025-05-20,bing,cpc,bing_nonbrand,583.96,11,62.47
2025-05-21,bing,cpc,bing_nonbrand,735.12,14,118.36
2025-05-22,bing,cpc,bing_nonbrand,941.91,18,136.42
2025-05-23,bing,cpc,bing_nonbrand,1148.4,22,148.89
2025-05-24,bing,cpc,bing_nonbrand,865.99,17,131.06
2025-05-25,bing,cpc,bing_nonbrand,778.2,15,88.48
2025-05-26,bing,cpc,bing_nonbrand,526.19,10,63.85
2025-05-27,bing,cpc,bing_nonbrand,685.3,13,62.36
2025-05-28,bing,cpc,bing_nonbrand,866.25,17,108.91
2025-05-29,bing,cpc,bing_nonbrand,1024.93,20,136.14
2025-05-30,bing,cpc,bing_nonbrand,1020.22,20,128.61
2025-05-31,bing,cpc,bing_nonbrand,844.27,16,119.92
2025-06-01,bing,cpc,bing_nonbrand,811.94,16,100.95
2025-06-02,bing,cpc,bing_nonbrand,592.63,11,66.81
2025-06-03,bing,cpc,bing_nonbrand,696.71,13,65.86
2025-06-04,bing,cpc,bing_nonbrand,953.69,19,116.66
2025-06-05,bing,cpc,bing_nonbrand,882.58,17,115.7
2025-06-06,bing,cpc,bing_nonbrand,887.25,17,114.88
2025-06-07,bing,cpc,bing_nonbrand,769.74,15,96.29
2025-06-08,bing,cpc,bing_nonbrand,653.51,13,104.51
2025-06-09,bing,cpc,bing_nonbrand,620.69,12,60.63
2025-06-10,bing,cpc,bing_nonbrand,691.9,13,79.37
2025-06-11,bing,cpc,bing_nonbrand,921.22,18,105.73
2025-06-12,bing,cpc,bing_nonbrand,1013.16,20,130.9
2025-06-13,bing,cpc,bing_nonbrand,1039.86,20,140.9
2025-06-14,bing,cpc,bing_nonbrand,894.17,17,106.55
2025-06-15,bing,cpc,bing_nonbrand,753.5,15,75.84
2025-06-16,bing,cpc,bing_nonbrand,513.79,10,64.28
2025-06-17,bing,cpc,bing_nonbrand,680.71,13,69.1
2025-06-18,bing,cpc,bing_nonbrand,848.06,16,93.64
2025-06-19,bing,cpc,bing_nonbrand,894.74,17,141.71
2025-06-20,bing,cpc,bing_nonbrand,999.75,19,143.62
2025-06-21,bing,cpc,bing_nonbrand,942.35,18,100.67
2025-06-22,bing,cpc,bing_nonbrand,698.2,13,101.71
2025-06-23,bing,cpc,bing_nonbrand,555.17,11,73.04
2025-06-24,bing,cpc,bing_nonbrand,660.92,13,78.57
2025-06-25,bing,cpc,bing_nonbrand,855.49,17,104.9
2025-06-26,bing,cpc,bing_nonbrand,1017.69,20,105.93
2025-06-27,bing,cpc,bing_nonbrand,1110.98,22,138.93
2025-06-28,bing,cpc,bing_nonbrand,865.23,17,94.2
2025-06-29,bing,cpc,bing_nonbrand,621.41,12,84.21
2025-01-01,facebook,paid,facebook_prospecting,644.61,12,175.81
2025-01-02,facebook,paid,facebook_prospecting,853.87,17,223.92
2025-01-03,facebook,paid,facebook_prospecting,860.29,17,228.68
2025-01-04,facebook,paid,facebook_prospecting,777.68,15,181.04
2025-01-05,facebook,paid,facebook_prospecting,636.25,12,163.24
2025-01-06,facebook,paid,facebook_prospecting,518.67,10,114.67
2025-01-07,facebook,paid,facebook_prospecting,485.34,9,134.31
2025-01-08,facebook,paid,facebook_prospecting,674.44,13,161.25
2025-01-09,facebook,paid,facebook_prospecting,849.5,16,231.19
2025-01-10,facebook,paid,facebook_prospecting,952.91,19,204.48
2025-01-11,facebook,paid,facebook_prospecting,674.29,13,177.52
2025-01-12,facebook,paid,facebook_prospecting,503.67,10,123.6
2025-01-13,facebook,paid,facebook_prospecting,448.41,8,90.72
2025-01-14,facebook,paid,facebook_prospecting,598.66,11,135.87
2025-01-15,facebook,paid,facebook_prospecting,641.38,12,130.25
2025-01-16,facebook,paid,facebook_prospecting,872.13,17,170.47
2025-01-17,facebook,paid,facebook_prospecting,833.21,16,179.55
2025-01-18,facebook,paid,facebook_prospecting,763.62,15,168.51
2025-01-19,facebook,paid,facebook_prospecting,638.08,12,134.49
2025-01-20,facebook,paid,facebook_prospecting,536.33,10,101.16
2025-01-21,facebook,paid,facebook_prospecting,578.09,11,122.67
2025-01-22,facebook,paid,facebook_prospecting,815.8,16,182.66
2025-01-23,facebook,paid,facebook_prospecting,728.51,14,175.98
2025-01-24,facebook,paid,facebook_prospecting,754.64,15,186.43
2025-01-25,facebook,paid,facebook_prospecting,871.61,17,187.07
2025-01-26,facebook,paid,facebook_prospecting,648.2,12,166.72
2025-01-27,facebook,paid,facebook_prospecting,567.57,11,119.68
2025-01-28,facebook,paid,facebook_prospecting,521.82,10,143.9
2025-01-29,facebook,paid,facebook_prospecting,747.28,14,162.07
2025-01-30,facebook,paid,facebook_prospecting,773.02,15,182.25
2025-01-31,facebook,paid,facebook_prospecting,1018.87,20,247.34
2025-02-01,facebook,paid,facebook_prospecting,861.39,17,210.52
2025-02-02,facebook,paid,facebook_prospecting,547.28,10,126.51
2025-02-03,facebook,paid,facebook_prospecting,514.0,10,115.52
2025-02-04,facebook,paid,facebook_prospecting,559.34,11,122.93
2025-02-05,facebook,paid,facebook_prospecting,717.47,14,154.36
2025-02-06,facebook,paid,facebook_prospecting,750.46,15,184.65
2025-02-07,facebook,paid,facebook_prospecting,723.42,14,176.23
2025-02-08,facebook,paid,facebook_prospecting,772.72,15,206.49
2025-02-09,facebook,paid,facebook_prospecting,619.05,12,124.21
2025-02-10,facebook,paid,facebook_prospecting,432.75,8,115.82
2025-02-11,facebook,paid,facebook_prospecting,470.26,9,113.65
2025-02-12,facebook,paid,facebook_prospecting,644.98,12,170.23
2025-02-13,facebook,paid,facebook_prospecting,658.22,13,163.4
2025-02-14,facebook,paid,facebook_prospecting,727.2,14,213.88
2025-02-15,facebook,paid,facebook_prospecting,704.04,14,206.36
2025-02-16,facebook,paid,facebook_prospecting,599.69,11,145.32
2025-02-17,facebook,paid,facebook_prospecting,432.43,8,110.78
2025-02-18,facebook,paid,facebook_prospecting,628.5,12,137.51
2025-02-19,facebook,paid,facebook_prospecting,565.53,11,128.9
2025-02-20,facebook,paid,facebook_prospecting,862.07,17,229.79
2025-02-21,facebook,paid,facebook_prospecting,729.27,14,178.12
2025-02-22,facebook,paid,facebook_prospecting,818.68,16,192.69
2025-02-23,facebook,paid,facebook_prospecting,691.98,13,144.93
2025-02-24,facebook,paid,facebook_prospecting,470.44,9,113.1
2025-02-25,facebook,paid,facebook_prospecting,512.35,10,121.54
2025-02-26,facebook,paid,facebook_prospecting,560.39,11,142.58
2025-02-27,facebook,paid,facebook_prospecting,842.97,16,186.13
2025-02-28,facebook,paid,facebook_prospecting,770.38,15,167.21
2025-03-01,facebook,paid,facebook_prospecting,790.72,15,191.53
2025-03-02,facebook,paid,facebook_prospecting,683.06,13,154.81
2025-03-03,facebook,paid,facebook_prospecting,456.34,9,122.97
2025-03-04,facebook,paid,facebook_prospecting,551.26,11,121.43
2025-03-05,facebook,paid,facebook_prospecting,561.62,11,143.93
2025-03-06,facebook,paid,facebook_prospecting,767.69,15,175.95
2025-03-07,facebook,paid,facebook_prospecting,750.31,15,199.98
2025-03-08,facebook,paid,facebook_prospecting,882.89,17,204.6
2025-03-09,facebook,paid,facebook_prospecting,645.45,12,122.73
2025-03-10,facebook,paid,facebook_prospecting,517.88,10,91.51
2025-03-11,facebook,paid,facebook_prospecting,490.15,9,144.83
2025-03-12,facebook,paid,facebook_prospecting,800.65,16,177.1
2025-03-13,facebook,paid,facebook_prospecting,969.63,19,229.94
2025-03-14,facebook,paid,facebook_prospecting,738.67,14,211.28
2025-03-15,facebook,paid,facebook_prospecting,812.13,16,206.44
2025-03-16,facebook,paid,facebook_prospecting,595.39,11,145.78
2025-03-17,facebook,paid,facebook_prospecting,454.14,9,116.63
2025-03-18,facebook,paid,facebook_prospecting,486.03,9,134.42
2025-03-19,facebook,paid,facebook_prospecting,771.73,15,174.97
2025-03-20,facebook,paid,facebook_prospecting,808.15,16,195.65
2025-03-21,facebook,paid,facebook_prospecting,934.93,18,191.55
2025-03-22,facebook,paid,facebook_prospecting,743.7,14,197.99
2025-03-23,facebook,paid,facebook_prospecting,521.28,10,121.25
2025-03-24,facebook,paid,facebook_prospecting,564.03,11,111.74
2025-03-25,facebook,paid,facebook_prospecting,509.04,10,134.14
2025-03-26,facebook,paid,facebook_prospecting,684.54,13,183.29
2025-03-27,facebook,paid,facebook_prospecting,779.0,15,225.66
2025-03-28,facebook,paid,facebook_prospecting,962.08,19,216.94
2025-03-29,facebook,paid,facebook_prospecting,767.06,15,163.56
2025-03-30,facebook,paid,facebook_prospecting,575.41,11,166.55
2025-03-31,facebook,paid,facebook_prospecting,489.97,9,94.71
2025-04-01,facebook,paid,facebook_prospecting,455.56,9,114.79
2025-04-02,facebook,paid,facebook_prospecting,725.55,14,158.66
2025-04-03,facebook,paid,facebook_prospecting,746.35,14,180.82
2025-04-04,facebook,paid,facebook_prospecting,881.2,17,235.75
2025-04-05,facebook,paid,facebook_prospecting,772.02,15,205.93
2025-04-06,facebook,paid,facebook_prospecting,668.87,13,164.64
2025-04-07,facebook,paid,facebook_prospecting,522.15,10,95.95
2025-04-08,facebook,paid,facebook_prospecting,478.29,9,122.13
2025-04-09,facebook,paid,facebook_prospecting,677.27,13,137.98
2025-04-10,facebook,paid,facebook_prospecting,709.05,14,162.01
2025-04-11,facebook,paid,facebook_prospecting,785.3,15,177.27
2025-04-12,facebook,paid,facebook_prospecting,746.75,14,174.89
2025-04-13,facebook,paid,facebook_prospecting,498.04,9,127.1
2025-04-14,facebook,paid,facebook_prospecting,490.93,9,118.56
2025-04-15,facebook,paid,facebook_prospecting,485.16,9,130.08
2025-04-16,facebook,paid,facebook_prospecting,578.89,11,129.08
2025-04-17,facebook,paid,facebook_prospecting,778.52,15,194.39
2025-04-18,facebook,paid,facebook_prospecting,840.45,16,232.81
2025-04-19,facebook,paid,facebook_prospecting,775.07,15,183.3
2025-04-20,facebook,paid,facebook_prospecting,556.36,11,112.72
2025-04-21,facebook,paid,facebook_prospecting,476.39,9,106.34
2025-04-22,facebook,paid,facebook_prospecting,543.54,10,103.05
2025-04-23,facebook,paid,facebook_prospecting,615.03,12,188.6
2025-04-24,facebook,paid,facebook_prospecting,884.2,17,205.85
2025-04-25,facebook,paid,facebook_prospecting,886.81,17,189.28
2025-04-26,facebook,paid,facebook_prospecting,862.6,17,190.69
2025-04-27,facebook,paid,facebook_prospecting,554.08,11,166.2
2025-04-28,facebook,paid,facebook_prospecting,503.34,10,110.88
2025-04-29,facebook,paid,facebook_prospecting,480.51,9,105.32
2025-04-30,facebook,paid,facebook_prospecting,617.15,12,191.5
2025-05-01,facebook,paid,facebook_prospecting,886.25,17,194.07
2025-05-02,facebook,paid,facebook_prospecting,815.86,16,192.52
2025-05-03,facebook,paid,facebook_prospecting,791.25,15,215.73
2025-05-04,facebook,paid,facebook_prospecting,488.86,9,118.81
2025-05-05,facebook,paid,facebook_prospecting,498.63,9,133.57
2025-05-06,facebook,paid,facebook_prospecting,471.22,9,122.86
2025-05-07,facebook,paid,facebook_prospecting,755.43,15,155.35
2025-05-08,facebook,paid,facebook_prospecting,923.31,18,198.02
2025-05-09,facebook,paid,facebook_prospecting,814.51,16,187.13
2025-05-10,facebook,paid,facebook_prospecting,774.03,15,207.14
2025-05-11,facebook,paid,facebook_prospecting,641.14,12,127.09
2025-05-12,facebook,paid,facebook_prospecting,496.26,9,108.38
2025-05-13,facebook,paid,facebook_prospecting,521.96,10,146.04
2025-05-14,facebook,paid,facebook_prospecting,564.34,11,147.51
2025-05-15,facebook,paid,facebook_prospecting,725.36,14,189.27
2025-05-16,facebook,paid,facebook_prospecting,777.11,15,222.02
2025-05-17,facebook,paid,facebook_prospecting,713.89,14,193.76
2025-05-18,facebook,paid,facebook_prospecting,560.0,11,131.31
2025-05-19,facebook,paid,facebook_prospecting,513.27,10,123.2
2025-05-20,facebook,paid,facebook_prospecting,580.22,11,115.85
2025-05-21,facebook,paid,facebook_prospecting,624.95,12,164.85
2025-05-22,facebook,paid,facebook_prospecting,809.01,16,229.48
2025-05-23,facebook,paid,facebook_prospecting,785.95,15,168.92
2025-05-24,facebook,paid,facebook_prospecting,654.45,13,153.86
2025-05-25,facebook,paid,facebook_prospecting,553.35,11,153.16
2025-05-26,facebook,paid,facebook_prospecting,594.48,11,127.29
2025-05-27,facebook,paid,facebook_prospecting,580.38,11,127.88
2025-05-28,facebook,paid,facebook_prospecting,800.14,16,173.93
2025-05-29,facebook,paid,facebook_prospecting,711.46,14,185.29
2025-05-30,facebook,paid,facebook_prospecting,850.77,17,208.7
2025-05-31,facebook,paid,facebook_prospecting,740.55,14,157.77
2025-06-01,facebook,paid,facebook_prospecting,624.02,12,112.29
2025-06-02,facebook,paid,facebook_prospecting,414.6,8,102.7
2025-06-03,facebook,paid,facebook_prospecting,462.67,9,103.44
2025-06-04,facebook,paid,facebook_prospecting,562.25,11,145.75
2025-06-05,facebook,paid,facebook_prospecting,712.29,14,180.37
2025-06-06,facebook,paid,facebook_prospecting,798.5,15,197.05
2025-06-07,facebook,paid,facebook_prospecting,696.0,13,169.44
2025-06-08,facebook,paid,facebook_prospecting,480.84,9,116.51
2025-06-09,facebook,paid,facebook_prospecting,512.26,10,99.86
2025-06-10,facebook,paid,facebook_prospecting,651.49,13,146.74
2025-06-11,facebook,paid,facebook_prospecting,683.52,13,160.51
2025-06-12,facebook,paid,facebook_prospecting,853.31,17,183.15
2025-06-13,facebook,paid,facebook_prospecting,957.51,19,229.04
2025-06-14,facebook,paid,facebook_prospecting,774.06,15,209.75
2025-06-15,facebook,paid,facebook_prospecting,681.36,13,154.26
2025-06-16,facebook,paid,facebook_prospecting,547.25,10,104.69
2025-06-17,facebook,paid,facebook_prospecting,574.69,11,102.75
2025-06-18,facebook,paid,facebook_prospecting,616.63,12,177.55
2025-06-19,facebook,paid,facebook_prospecting,709.69,14,210.19
2025-06-20,facebook,paid,facebook_prospecting,946.37,18,229.49
2025-06-21,facebook,paid,facebook_prospecting,842.7,16,188.52
2025-06-22,facebook,paid,facebook_prospecting,523.78,10,116.96
2025-06-23,facebook,paid,facebook_prospecting,425.99,8,109.48
2025-06-24,facebook,paid,facebook_prospecting,494.85,9,120.12
2025-06-25,facebook,paid,facebook_prospecting,651.04,13,153.37
2025-06-26,facebook,paid,facebook_prospecting,788.74,15,227.85
2025-06-27,facebook,paid,facebook_prospecting,861.06,17,239.73
2025-06-28,facebook,paid,facebook_prospecting,733.23,14,168.62
2025-06-29,facebook,paid,facebook_prospecting,549.36,10,134.8
2025-01-01,facebook,paid,facebook_retargeting,721.25,14,82.74
2025-01-02,facebook,paid,facebook_retargeting,952.81,19,104.82
2025-01-03,facebook,paid,facebook_retargeting,1019.2,20,102.61
2025-01-04,facebook,paid,facebook_retargeting,943.06,18,110.72
2025-01-05,facebook,paid,facebook_retargeting,580.55,11,86.85
2025-01-06,facebook,paid,facebook_retargeting,466.65,9,62.89
2025-01-07,facebook,paid,facebook_retargeting,589.85,11,75.89
2025-01-08,facebook,paid,facebook_retargeting,791.16,15,79.63
2025-01-09,facebook,paid,facebook_retargeting,859.54,17,91.87
2025-01-10,facebook,paid,facebook_retargeting,808.48,16,123.72
2025-01-11,facebook,paid,facebook_retargeting,890.24,17,103.29
2025-01-12,facebook,paid,facebook_retargeting,602.4,12,63.27
2025-01-13,facebook,paid,facebook_retargeting,527.34,10,56.22
2025-01-14,facebook,paid,facebook_retargeting,603.73,12,57.05
2025-01-15,facebook,paid,facebook_retargeting,674.93,13,101.84
2025-01-16,facebook,paid,facebook_retargeting,883.63,17,100.9
2025-01-17,facebook,paid,facebook_retargeting,915.54,18,123.59
2025-01-18,facebook,paid,facebook_retargeting,686.23,13,85.73
2025-01-19,facebook,paid,facebook_retargeting,651.46,13,91.8
2025-01-20,facebook,paid,facebook_retargeting,534.03,10,71.5
2025-01-21,facebook,paid,facebook_retargeting,509.35,10,78.7
2025-01-22,facebook,paid,facebook_retargeting,778.64,15,74.37
2025-01-23,facebook,paid,facebook_retargeting,859.6,17,128.01
2025-01-24,facebook,paid,facebook_retargeting,888.87,17,107.09
2025-01-25,facebook,paid,facebook_retargeting,724.96,14,96.07
2025-01-26,facebook,paid,facebook_retargeting,605.7,12,88.69
2025-01-27,facebook,paid,facebook_retargeting,459.26,9,67.34
2025-01-28,facebook,paid,facebook_retargeting,553.17,11,54.9
2025-01-29,facebook,paid,facebook_retargeting,739.29,14,82.29
2025-01-30,facebook,paid,facebook_retargeting,955.13,19,90.95
2025-01-31,facebook,paid,facebook_retargeting,1039.41,20,124.97
2025-02-01,facebook,paid,facebook_retargeting,735.17,14,84.94
2025-02-02,facebook,paid,facebook_retargeting,627.3,12,72.47
2025-02-03,facebook,paid,facebook_retargeting,438.4,8,57.17
2025-02-04,facebook,paid,facebook_retargeting,508.58,10,63.79
2025-02-05,facebook,paid,facebook_retargeting,645.22,12,83.94
2025-02-06,facebook,paid,facebook_retargeting,888.46,17,98.24
2025-02-07,facebook,paid,facebook_retargeting,862.57,17,108.59
2025-02-08,facebook,paid,facebook_retargeting,874.26,17,100.75
2025-02-09,facebook,paid,facebook_retargeting,637.38,12,72.8
2025-02-10,facebook,paid,facebook_retargeting,545.45,10,73.83
2025-02-11,facebook,paid,facebook_retargeting,631.67,12,78.36
2025-02-12,facebook,paid,facebook_retargeting,670.99,13,72.43
2025-02-13,facebook,paid,facebook_retargeting,1021.29,20,117.19
2025-02-14,facebook,paid,facebook_retargeting,799.2,15,111.78
2025-02-15,facebook,paid,facebook_retargeting,719.67,14,101.86
2025-02-16,facebook,paid,facebook_retargeting,646.47,12,84.2
2025-02-17,facebook,paid,facebook_retargeting,587.39,11,67.79
2025-02-18,facebook,paid,facebook_retargeting,583.44,11,70.79
2025-02-19,facebook,paid,facebook_retargeting,811.21,16,96.91
2025-02-20,facebook,paid,facebook_retargeting,778.53,15,124.61
2025-02-21,facebook,paid,facebook_retargeting,840.32,16,116.23
2025-02-22,facebook,paid,facebook_retargeting,869.61,17,113.73
2025-02-23,facebook,paid,facebook_retargeting,565.42,11,74.06
2025-02-24,facebook,paid,facebook_retargeting,538.38,10,58.22
2025-02-25,facebook,paid,facebook_retargeting,473.3,9,59.36
2025-02-26,facebook,paid,facebook_retargeting,803.7,16,101.6
2025-02-27,facebook,paid,facebook_retargeting,797.62,15,95.54
2025-02-28,facebook,paid,facebook_retargeting,1010.77,20,135.14
2025-03-01,facebook,paid,facebook_retargeting,767.14,15,103.79
2025-03-02,facebook,paid,facebook_retargeting,530.74,10,70.36
2025-03-03,facebook,paid,facebook_retargeting,456.56,9,67.91
2025-03-04,facebook,paid,facebook_retargeting,562.92,11,53.99
2025-03-05,facebook,paid,facebook_retargeting,806.35,16,103.74
2025-03-06,facebook,paid,facebook_retargeting,869.51,17,107.35
2025-03-07,facebook,paid,facebook_retargeting,860.76,17,110.77
2025-03-08,facebook,paid,facebook_retargeting,790.73,15,100.26
2025-03-09,facebook,paid,facebook_retargeting,711.16,14,79.51
2025-03-10,facebook,paid,facebook_retargeting,474.73,9,74.55
2025-03-11,facebook,paid,facebook_retargeting,497.28,9,64.22
2025-03-12,facebook,paid,facebook_retargeting,662.2,13,82.75
2025-03-13,facebook,paid,facebook_retargeting,915.69,18,94.44
2025-03-14,facebook,paid,facebook_retargeting,1028.47,20,113.51
2025-03-15,facebook,paid,facebook_retargeting,668.75,13,80.81
2025-03-16,facebook,paid,facebook_retargeting,544.27,10,73.54
2025-03-17,facebook,paid,facebook_retargeting,576.35,11,56.32
2025-03-18,facebook,paid,facebook_retargeting,490.46,9,59.48
2025-03-19,facebook,paid,facebook_retargeting,722.66,14,90.54
2025-03-20,facebook,paid,facebook_retargeting,849.28,16,112.07
2025-03-21,facebook,paid,facebook_retargeting,838.21,16,128.53
2025-03-22,facebook,paid,facebook_retargeting,845.79,16,96.55
2025-03-23,facebook,paid,facebook_retargeting,626.73,12,87.77
2025-03-24,facebook,paid,facebook_retargeting,452.98,9,63.91
2025-03-25,facebook,paid,facebook_retargeting,467.53,9,58.44
2025-03-26,facebook,paid,facebook_retargeting,687.15,13,95.97
2025-03-27,facebook,paid,facebook_retargeting,776.97,15,118.3
2025-03-28,facebook,paid,facebook_retargeting,1037.84,20,130.16
2025-03-29,facebook,paid,facebook_retargeting,662.75,13,83.05
2025-03-30,facebook,paid,facebook_retargeting,663.02,13,62.92
2025-03-31,facebook,paid,facebook_retargeting,508.66,10,55.62
2025-04-01,facebook,paid,facebook_retargeting,601.42,12,65.34
2025-04-02,facebook,paid,facebook_retargeting,717.26,14,87.56
2025-04-03,facebook,paid,facebook_retargeting,817.43,16,129.82
2025-04-04,facebook,paid,facebook_retargeting,813.98,16,128.71
2025-04-05,facebook,paid,facebook_retargeting,897.22,17,98.51
2025-04-06,facebook,paid,facebook_retargeting,675.09,13,81.56
2025-04-07,facebook,paid,facebook_retargeting,490.75,9,56.34
2025-04-08,facebook,paid,facebook_retargeting,552.4,11,63.73
2025-04-09,facebook,paid,facebook_retargeting,678.07,13,86.62
2025-04-10,facebook,paid,facebook_retargeting,795.27,15,100.13
2025-04-11,facebook,paid,facebook_retargeting,807.79,16,107.54
2025-04-12,facebook,paid,facebook_retargeting,858.93,17,114.19
2025-04-13,facebook,paid,facebook_retargeting,639.88,12,65.3
2025-04-14,facebook,paid,facebook_retargeting,493.36,9,70.88
2025-04-15,facebook,paid,facebook_retargeting,456.75,9,57.91
2025-04-16,facebook,paid,facebook_retargeting,738.58,14,72.02
2025-04-17,facebook,paid,facebook_retargeting,788.47,15,129.74
2025-04-18,facebook,paid,facebook_retargeting,813.99,16,124.95
2025-04-19,facebook,paid,facebook_retargeting,875.18,17,103.06
2025-04-20,facebook,paid,facebook_retargeting,528.85,10,72.19
2025-04-21,facebook,paid,facebook_retargeting,598.63,11,64.6
2025-04-22,facebook,paid,facebook_retargeting,491.76,9,60.79
2025-04-23,facebook,paid,facebook_retargeting,701.93,14,74.72
2025-04-24,facebook,paid,facebook_retargeting,960.6,19,112.77
2025-04-25,facebook,paid,facebook_retargeting,1044.38,20,125.18
2025-04-26,facebook,paid,facebook_retargeting,765.76,15,111.56
2025-04-27,facebook,paid,facebook_retargeting,594.13,11,78.21
2025-04-28,facebook,paid,facebook_retargeting,572.52,11,57.99
2025-04-29,facebook,paid,facebook_retargeting,648.28,12,72.22
2025-04-30,facebook,paid,facebook_retargeting,719.97,14,85.03
2025-05-01,facebook,paid,facebook_retargeting,771.4,15,108.02
2025-05-02,facebook,paid,facebook_retargeting,898.97,17,101.7
2025-05-03,facebook,paid,facebook_retargeting,871.31,17,82.2
2025-05-04,facebook,paid,facebook_retargeting,549.31,10,64.99
2025-05-05,facebook,paid,facebook_retargeting,466.86,9,68.83
2025-05-06,facebook,paid,facebook_retargeting,619.25,12,78.1
2025-05-07,facebook,paid,facebook_retargeting,725.83,14,72.77
2025-05-08,facebook,paid,facebook_retargeting,954.34,19,114.3
2025-05-09,facebook,paid,facebook_retargeting,1001.84,20,128.6
2025-05-10,facebook,paid,facebook_retargeting,769.03,15,102.82
2025-05-11,facebook,paid,facebook_retargeting,729.53,14,82.54
2025-05-12,facebook,paid,facebook_retargeting,547.02,10,64.41
2025-05-13,facebook,paid,facebook_retargeting,595.59,11,65.63
2025-05-14,facebook,paid,facebook_retargeting,675.36,13,105.46
2025-05-15,facebook,paid,facebook_retargeting,860.91,17,95.65
2025-05-16,facebook,paid,facebook_retargeting,931.92,18,112.83
2025-05-17,facebook,paid,facebook_retargeting,747.84,14,81.47
2025-05-18,facebook,paid,facebook_retargeting,650.53,13,79.04
2025-05-19,facebook,paid,facebook_retargeting,559.87,11,66.14
2025-05-20,facebook,paid,facebook_retargeting,614.34,12,71.13
2025-05-21,facebook,paid,facebook_retargeting,734.85,14,92.34
2025-05-22,facebook,paid,facebook_retargeting,778.18,15,113.19
2025-05-23,facebook,paid,facebook_retargeting,902.08,18,103.36
2025-05-24,facebook,paid,facebook_retargeting,878.23,17,114.23
2025-05-25,facebook,paid,facebook_retargeting,618.42,12,63.97
2025-05-26,facebook,paid,facebook_retargeting,535.8,10,55.3
2025-05-27,facebook,paid,facebook_retargeting,591.99,11,76.14
2025-05-28,facebook,paid,facebook_retargeting,689.26,13,91.16
2025-05-29,facebook,paid,facebook_retargeting,966.25,19,106.24
2025-05-30,facebook,paid,facebook_retargeting,937.51,18,123.83
2025-05-31,facebook,paid,facebook_retargeting,688.24,13,94.16
2025-06-01,facebook,paid,facebook_retargeting,549.59,10,65.58
2025-06-02,facebook,paid,facebook_retargeting,577.18,11,59.08
2025-06-03,facebook,paid,facebook_retargeting,512.81,10,67.46
2025-06-04,facebook,paid,facebook_retargeting,655.69,13,74.08
2025-06-05,facebook,paid,facebook_retargeting,868.73,17,122.29
2025-06-06,facebook,paid,facebook_retargeting,1020.87,20,126.06
2025-06-07,facebook,paid,facebook_retargeting,800.27,16,83.92
2025-06-08,facebook,paid,facebook_retargeting,638.51,12,90.55
2025-06-09,facebook,paid,facebook_retargeting,553.03,11,51.05
2025-06-10,facebook,paid,facebook_retargeting,582.89,11,77.65
2025-06-11,facebook,paid,facebook_retargeting,659.19,13,89.79
2025-06-12,facebook,paid,facebook_retargeting,900.14,18,122.45
2025-06-13,facebook,paid,facebook_retargeting,921.63,18,92.48
2025-06-14,facebook,paid,facebook_retargeting,921.87,18,117.31
2025-06-15,facebook,paid,facebook_retargeting,532.03,10,69.68
2025-06-16,facebook,paid,facebook_retargeting,611.37,12,73.19
2025-06-17,facebook,paid,facebook_retargeting,582.6,11,68.19
2025-06-18,facebook,paid,facebook_retargeting,698.03,13,86.63
2025-06-19,facebook,paid,facebook_retargeting,741.68,14,92.05
2025-06-20,facebook,paid,facebook_retargeting,981.24,19,101.52
2025-06-21,facebook,paid,facebook_retargeting,714.08,14,85.32
2025-06-22,facebook,paid,facebook_retargeting,578.09,11,77.99
2025-06-23,facebook,paid,facebook_retargeting,506.71,10,53.84
2025-06-24,facebook,paid,facebook_retargeting,569.74,11,63.77
2025-06-25,facebook,paid,facebook_retargeting,668.15,13,102.45
2025-06-26,facebook,paid,facebook_retargeting,1017.23,20,126.54
2025-06-27,facebook,paid,facebook_retargeting,977.36,19,128.64
2025-06-28,facebook,paid,facebook_retargeting,848.88,16,104.18
2025-06-29,facebook,paid,facebook_retargeting,548.15,10,82.33
